iter,n_resources,mean_fit_time,std_fit_time,mean_score_time,std_score_time,param_d,param_gamma,params,split0_test_score,split1_test_score,split2_test_score,split3_test_score,split4_test_score,mean_test_score,std_test_score,rank_test_score,split0_train_score,split1_train_score,split2_train_score,split3_train_score,split4_train_score,mean_train_score,std_train_score
0,2928,0.8285138607025146,0.05655205032299083,0.0,0.0,2,1,"{'d': 2, 'gamma': 1}",,,,,,,,4,,,,,,,
0,2928,43.974701738357545,2.2851367028759757,0.005847263336181641,0.0015931337144554616,2,2,"{'d': 2, 'gamma': 2}",-4973.349194826306,-3622.7340652231073,-4598.521524559086,-3765.2715940935186,-4319.402364143932,-4255.85574856919,505.5236355212805,3,-3383.759474960379,-3614.5419087925493,-3639.229953727755,-3547.0589983942573,-3427.3808009482723,-3522.3942273646426,100.99235500853402
0,2928,33.88930716514587,11.589075005010535,0.00531301498413086,0.0016681223863218323,2,3,"{'d': 2, 'gamma': 3}",-4956.73105071239,-3620.938613260383,-4584.092266477927,-3764.0228096612386,-4324.439606050671,-4250.044869232522,499.70385695138737,2,-3384.23528098718,-3614.7071930166194,-3639.7056322188996,-3547.14855892789,-3427.5298154798356,-3522.665296126085,100.97842342054997
0,2928,0.5801329612731934,0.021294547331694055,0.0,0.0,3,1,"{'d': 3, 'gamma': 1}",,,,,,,,4,,,,,,,
0,2928,0.5939841270446777,0.036154915968421256,0.0,0.0,3,2,"{'d': 3, 'gamma': 2}",,,,,,,,4,,,,,,,
0,2928,0.6639552593231202,0.07229733756391463,0.0,0.0,3,3,"{'d': 3, 'gamma': 3}",,,,,,,,4,,,,,,,
1,8784,14.531637144088744,1.3408367184389274,0.0,0.0,2,2,"{'d': 2, 'gamma': 2}",,,,,,,,4,,,,,,,
1,8784,624.242508649826,81.46777624457292,0.03825364112854004,0.005260748550991122,2,3,"{'d': 2, 'gamma': 3}",-4813.834712638703,-3653.968083188313,-4490.1373541374405,-3735.039763433579,-4474.241534042792,-4233.444289488165,457.1493040502991,1,-3401.8799451657273,-3614.9473260386862,-3639.93322773699,-3565.1794535478252,-3380.29258962983,-3520.446508423812,108.54461559904047
